{
    "metrics": {
        "checks": {
            "fails": 0,
            "passes": 10463,
            "value": 0
        },
        "data_received": {
            "count": 42772744,
            "rate": 177447.59900341334
        },
        "data_sent": {
            "count": 962596,
            "rate": 3993.439116515173
        },
        "http_req_blocked": {
            "avg": 0.009469654974672875,
            "max": 4.706,
            "med": 0.006,
            "min": 0.002,
            "p(90)": 0.008,
            "p(95)": 0.01
        },
        "http_req_connecting": {
            "avg": 0.001969129312816592,
            "max": 4.457,
            "med": 0,
            "min": 0,
            "p(90)": 0,
            "p(95)": 0
        },
        "http_req_duration": {
            "avg": 5.204951161234818,
            "max": 24.344,
            "med": 4.511,
            "min": 0.869,
            "p(90)": 9.610600000000003,
            "p(95)": 11.770399999999999
        },
        "http_req_receiving": {
            "avg": 0.1601729905380869,
            "max": 7.696,
            "med": 0.099,
            "min": 0.03,
            "p(90)": 0.175,
            "p(95)": 0.266
        },
        "http_req_sending": {
            "avg": 0.03590146229570827,
            "max": 1.245,
            "med": 0.031,
            "min": 0.008,
            "p(90)": 0.049,
            "p(95)": 0.074
        },
        "http_req_tls_handshaking": {
            "avg": 0,
            "max": 0,
            "med": 0,
            "min": 0,
            "p(90)": 0,
            "p(95)": 0
        },
        "http_req_waiting": {
            "avg": 5.008876708401046,
            "max": 23.458,
            "med": 4.331,
            "min": 0.766,
            "p(90)": 9.350600000000004,
            "p(95)": 11.455
        },
        "http_reqs": {
            "count": 10463,
            "rate": 43.406946918643186
        },
        "iteration_duration": {
            "avg": 1006.5776930002868,
            "max": 1071.31484,
            "med": 1005.999342,
            "min": 1001.139195,
            "p(90)": 1010.837409,
            "p(95)": 1012.577556
        },
        "iterations": {
            "count": 10463,
            "rate": 43.406946918643186
        },
        "vus": {
            "max": 50,
            "min": 1,
            "value": 18
        },
        "vus_max": {
            "max": 50,
            "min": 50,
            "value": 50
        }
    },
    "root_group": {
        "name": "",
        "path": "",
        "id": "d41d8cd98f00b204e9800998ecf8427e",
        "groups": {},
        "checks": {
            "status is 200": {
                "name": "status is 200",
                "path": "::status is 200",
                "id": "6210a8cd14cd70477eba5c5e4cb3fb5f",
                "passes": 10463,
                "fails": 0
            }
        }
    }
}
