{
    "metrics": {
        "checks": {
            "fails": 1,
            "passes": 245116,
            "value": 0
        },
        "data_received": {
            "count": 1002034208,
            "rate": 3326548.3955749962
        },
        "data_sent": {
            "count": 22556928,
            "rate": 74884.38223807696
        },
        "errors": {
            "fails": 0,
            "passes": 1,
            "value": 0
        },
        "http_req_blocked": {
            "avg": 0.01586625570644648,
            "max": 119.947,
            "med": 0.004,
            "min": 0,
            "p(90)": 0.007,
            "p(95)": 0.014
        },
        "http_req_connecting": {
            "avg": 0.004587050265791439,
            "max": 20.083,
            "med": 0,
            "min": 0,
            "p(90)": 0,
            "p(95)": 0
        },
        "http_req_duration": {
            "avg": 94.7261958819693,
            "max": 1523.117,
            "med": 54.689,
            "min": 0.647,
            "p(90)": 198.4648,
            "p(95)": 302.94579999999985
        },
        "http_req_receiving": {
            "avg": 1.0774057939677721,
            "max": 578.229,
            "med": 0.079,
            "min": 0,
            "p(90)": 0.155,
            "p(95)": 0.896
        },
        "http_req_sending": {
            "avg": 0.061080410579471243,
            "max": 215.787,
            "med": 0.021,
            "min": 0.007,
            "p(90)": 0.039,
            "p(95)": 0.057
        },
        "http_req_tls_handshaking": {
            "avg": 0,
            "max": 0,
            "med": 0,
            "min": 0,
            "p(90)": 0,
            "p(95)": 0
        },
        "http_req_waiting": {
            "avg": 93.58770967742099,
            "max": 1043.275,
            "med": 54.051,
            "min": 0.578,
            "p(90)": 195.90439999999998,
            "p(95)": 298.7063999999998
        },
        "http_reqs": {
            "count": 245117,
            "rate": 813.7382502196535
        },
        "iteration_duration": {
            "avg": 1103.8538511220531,
            "max": 5685.694358,
            "med": 1055.356647,
            "min": 1000.879771,
            "p(90)": 1201.9393104,
            "p(95)": 1321.5683981999996
        },
        "iterations": {
            "count": 245117,
            "rate": 813.7382502196535
        },
        "vus": {
            "max": 1000,
            "min": 15,
            "value": 197
        },
        "vus_max": {
            "max": 1000,
            "min": 1000,
            "value": 1000
        }
    },
    "root_group": {
        "name": "",
        "path": "",
        "id": "d41d8cd98f00b204e9800998ecf8427e",
        "groups": {},
        "checks": {
            "status is 200": {
                "name": "status is 200",
                "path": "::status is 200",
                "id": "6210a8cd14cd70477eba5c5e4cb3fb5f",
                "passes": 245116,
                "fails": 1
            }
        }
    }
}
