{
    "metrics": {
        "checks": {
            "fails": 0,
            "passes": 228420,
            "value": 0
        },
        "data_received": {
            "count": 933780960,
            "rate": 2583359.179670847
        },
        "data_sent": {
            "count": 21024208,
            "rate": 58164.69071302252
        },
        "http_req_blocked": {
            "avg": 0.20182909114753558,
            "max": 365.493,
            "med": 0.005,
            "min": 0.001,
            "p(90)": 0.011,
            "p(95)": 0.018
        },
        "http_req_connecting": {
            "avg": 0.14271477979161198,
            "max": 365.349,
            "med": 0,
            "min": 0,
            "p(90)": 0,
            "p(95)": 0
        },
        "http_req_duration": {
            "avg": 434.42268540408605,
            "max": 3400.681,
            "med": 399.8565,
            "min": 0.828,
            "p(90)": 616.3881,
            "p(95)": 905.3881499999997
        },
        "http_req_receiving": {
            "avg": 4.711298572804572,
            "max": 1144.784,
            "med": 0.106,
            "min": 0.023,
            "p(90)": 0.231,
            "p(95)": 23.9578499999998
        },
        "http_req_sending": {
            "avg": 0.15996302863142983,
            "max": 404.702,
            "med": 0.025,
            "min": 0.007,
            "p(90)": 0.052,
            "p(95)": 0.082
        },
        "http_req_tls_handshaking": {
            "avg": 0,
            "max": 0,
            "med": 0,
            "min": 0,
            "p(90)": 0,
            "p(95)": 0
        },
        "http_req_waiting": {
            "avg": 429.55142380263766,
            "max": 2402.854,
            "med": 396.2715,
            "min": 0.723,
            "p(90)": 605.542,
            "p(95)": 892.26905
        },
        "http_reqs": {
            "count": 228420,
            "rate": 631.9371770232013
        },
        "iteration_duration": {
            "avg": 1447.466036530123,
            "max": 8161.352142,
            "med": 1400.4805470000001,
            "min": 1001.029166,
            "p(90)": 1622.7416907,
            "p(95)": 1945.8017941499998
        },
        "iterations": {
            "count": 228420,
            "rate": 631.9371770232013
        },
        "vus": {
            "max": 1000,
            "min": 15,
            "value": 352
        },
        "vus_max": {
            "max": 1000,
            "min": 1000,
            "value": 1000
        }
    },
    "root_group": {
        "name": "",
        "path": "",
        "id": "d41d8cd98f00b204e9800998ecf8427e",
        "groups": {},
        "checks": {
            "status is 200": {
                "name": "status is 200",
                "path": "::status is 200",
                "id": "6210a8cd14cd70477eba5c5e4cb3fb5f",
                "passes": 228420,
                "fails": 0
            }
        }
    }
}
